"Analysis","N_Landmarks","PC1_variance","PC2_variance"
"Fixed only",21,74.0421930344508,25.9578069655492
"Fixed + Semilandmarks",111,77.3146821407153,22.6853178592847
